[
  {
    "model": "daiquiri_metadata.schema",
    "pk": 1,
    "fields": {
      "order": 1,
      "name": "daiquiri_data_obs",
      "title": "",
      "description": "A schema of generated observational data.",
      "long_description": "",
      "attribution": "",
      "license": "CC0",
      "doi": "10.0000/1",
      "related_identifiers": [],
      "utype": "",
      "creators": [],
      "contributors": [],
      "published": "2019-01-01",
      "updated": "2019-04-01",
      "access_level": "PUBLIC",
      "metadata_access_level": "PUBLIC",
      "groups": []
    }
  },
  {
    "model": "daiquiri_metadata.schema",
    "pk": 2,
    "fields": {
      "order": 2,
      "name": "daiquiri_data_sim",
      "title": "",
      "description": "A schema of generated simulation data.",
      "long_description": "",
      "attribution": "",
      "license": "PD",
      "doi": "",
      "related_identifiers": [],
      "utype": "",
      "creators": [],
      "contributors": [],
      "published": null,
      "updated": null,
      "access_level": "INTERNAL",
      "metadata_access_level": "INTERNAL",
      "groups": []
    }
  },
  {
    "model": "daiquiri_metadata.schema",
    "pk": 3,
    "fields": {
      "order": 3,
      "name": "daiquiri_data_test",
      "title": "A schema of test data.",
      "description": "",
      "long_description": "",
      "attribution": "",
      "license": "",
      "doi": "",
      "related_identifiers": [],
      "utype": "",
      "creators": [],
      "contributors": [],
      "published": null,
      "updated": null,
      "access_level": "PRIVATE",
      "metadata_access_level": "PRIVATE",
      "groups": [
        100
      ]
    }
  },
  {
    "model": "daiquiri_metadata.schema",
    "pk": 4,
    "fields": {
      "order": 4,
      "name": "daiquiri_archive",
      "title": "",
      "description": "A generated archive of files",
      "long_description": "",
      "attribution": "",
      "license": "",
      "doi": "",
      "related_identifiers": [],
      "utype": "",
      "creators": [],
      "contributors": [],
      "published": null,
      "updated": null,
      "access_level": "PRIVATE",
      "metadata_access_level": "PRIVATE",
      "groups": [
        10
      ]
    }
  },
  {
    "model": "daiquiri_metadata.schema",
    "pk": 5,
    "fields": {
      "order": 1000,
      "name": "tap_schema",
      "title": "",
      "description": "The TAP SCHEMA of the service",
      "long_description": "",
      "attribution": "",
      "license": "",
      "doi": "",
      "related_identifiers": [],
      "utype": "",
      "creators": [],
      "contributors": [],
      "published": null,
      "updated": null,
      "access_level": "PUBLIC",
      "metadata_access_level": "PUBLIC",
      "groups": []
    }
  },
  {
    "model": "daiquiri_metadata.table",
    "pk": 1,
    "fields": {
      "schema": 1,
      "order": 1,
      "name": "stars",
      "title": "",
      "description": "",
      "long_description": "",
      "attribution": "",
      "license": "CC0",
      "doi": "10.0000/1/1",
      "related_identifiers": [],
      "type": "table",
      "nrows": null,
      "size": null,
      "utype": "",
      "creators": [],
      "contributors": [],
      "published": "2019-01-01",
      "updated": "2019-04-01",
      "access_level": "PUBLIC",
      "metadata_access_level": "PUBLIC",
      "groups": []
    }
  },
  {
    "model": "daiquiri_metadata.table",
    "pk": 2,
    "fields": {
      "schema": 2,
      "order": 1,
      "name": "halos",
      "title": "",
      "description": "",
      "long_description": "",
      "attribution": "",
      "license": "PD",
      "doi": "",
      "related_identifiers": [],
      "type": "table",
      "nrows": null,
      "size": null,
      "utype": "",
      "creators": [],
      "contributors": [],
      "published": null,
      "updated": null,
      "access_level": "INTERNAL",
      "metadata_access_level": "INTERNAL",
      "groups": []
    }
  },
  {
    "model": "daiquiri_metadata.table",
    "pk": 3,
    "fields": {
      "schema": 3,
      "order": 1,
      "name": "test",
      "title": "",
      "description": "",
      "long_description": "",
      "attribution": "",
      "license": "",
      "doi": "",
      "related_identifiers": [],
      "type": "table",
      "nrows": null,
      "size": null,
      "utype": "",
      "creators": [],
      "contributors": [],
      "published": null,
      "updated": null,
      "access_level": "PRIVATE",
      "metadata_access_level": "PRIVATE",
      "groups": [
        100
      ]
    }
  },
  {
    "model": "daiquiri_metadata.table",
    "pk": 4,
    "fields": {
      "schema": 4,
      "order": 1,
      "name": "files",
      "title": "",
      "description": "",
      "long_description": "",
      "attribution": "",
      "license": "",
      "doi": "",
      "related_identifiers": [],
      "type": "table",
      "nrows": null,
      "size": null,
      "utype": "",
      "creators": [],
      "contributors": [],
      "published": null,
      "updated": null,
      "access_level": "PRIVATE",
      "metadata_access_level": "PRIVATE",
      "groups": [
        10
      ]
    }
  },
  {
    "model": "daiquiri_metadata.table",
    "pk": 5,
    "fields": {
      "schema": 5,
      "order": 1,
      "name": "schemas",
      "title": "",
      "description": "The table of schemas for the service",
      "long_description": "",
      "attribution": "",
      "license": "",
      "doi": "",
      "related_identifiers": [],
      "type": "table",
      "nrows": null,
      "size": null,
      "utype": "",
      "creators": [],
      "contributors": [],
      "published": null,
      "updated": null,
      "access_level": "PUBLIC",
      "metadata_access_level": "PUBLIC",
      "groups": []
    }
  },
  {
    "model": "daiquiri_metadata.table",
    "pk": 6,
    "fields": {
      "schema": 5,
      "order": 2,
      "name": "tables",
      "title": "",
      "description": "The table of tables for the service",
      "long_description": "",
      "attribution": "",
      "license": "",
      "doi": "",
      "related_identifiers": [],
      "type": "table",
      "nrows": null,
      "size": null,
      "utype": "",
      "creators": [],
      "contributors": [],
      "published": null,
      "updated": null,
      "access_level": "PUBLIC",
      "metadata_access_level": "PUBLIC",
      "groups": []
    }
  },
  {
    "model": "daiquiri_metadata.table",
    "pk": 7,
    "fields": {
      "schema": 5,
      "order": 3,
      "name": "columns",
      "title": "",
      "description": "The table of columns of the service",
      "long_description": "",
      "attribution": "",
      "license": "",
      "doi": "",
      "related_identifiers": [],
      "type": "table",
      "nrows": null,
      "size": null,
      "utype": "",
      "creators": [],
      "contributors": [],
      "published": null,
      "updated": null,
      "access_level": "PUBLIC",
      "metadata_access_level": "PUBLIC",
      "groups": []
    }
  },
  {
    "model": "daiquiri_metadata.column",
    "pk": 11,
    "fields": {
      "table": 1,
      "order": 1,
      "name": "id",
      "description": "unique identifier",
      "unit": "",
      "ucd": "meta.id;meta.main",
      "utype": "",
      "datatype": "long",
      "arraysize": null,
      "principal": false,
      "indexed": true,
      "std": false,
      "index_for": "",
      "access_level": "PUBLIC",
      "metadata_access_level": "PUBLIC",
      "groups": []
    }
  },
  {
    "model": "daiquiri_metadata.column",
    "pk": 12,
    "fields": {
      "table": 1,
      "order": 2,
      "name": "ra",
      "description": "Right ascension",
      "unit": "deg",
      "ucd": "pos.eq.ra;meta.main",
      "utype": "",
      "datatype": "double",
      "arraysize": null,
      "principal": false,
      "indexed": false,
      "std": false,
      "index_for": "",
      "access_level": "PUBLIC",
      "metadata_access_level": "PUBLIC",
      "groups": []
    }
  },
  {
    "model": "daiquiri_metadata.column",
    "pk": 13,
    "fields": {
      "table": 1,
      "order": 3,
      "name": "dec",
      "description": "Declination",
      "unit": "deg",
      "ucd": "pos.eq.dec;meta.main",
      "utype": "",
      "datatype": "double",
      "arraysize": null,
      "principal": false,
      "indexed": false,
      "std": false,
      "index_for": "",
      "access_level": "PUBLIC",
      "metadata_access_level": "PUBLIC",
      "groups": []
    }
  },
  {
    "model": "daiquiri_metadata.column",
    "pk": 14,
    "fields": {
      "table": 1,
      "order": 4,
      "name": "parallax",
      "description": "Parallax",
      "unit": "mas",
      "ucd": "pos.parallax",
      "utype": "",
      "datatype": "double",
      "arraysize": null,
      "principal": false,
      "indexed": true,
      "std": false,
      "index_for": "",
      "access_level": "PUBLIC",
      "metadata_access_level": "PUBLIC",
      "groups": []
    }
  },
  {
    "model": "daiquiri_metadata.column",
    "pk": 21,
    "fields": {
      "table": 2,
      "order": 1,
      "name": "id",
      "description": "unique id for particle",
      "unit": "",
      "ucd": "meta.id;meta.main",
      "utype": "",
      "datatype": "long",
      "arraysize": null,
      "principal": false,
      "indexed": true,
      "std": false,
      "index_for": "",
      "access_level": "INTERNAL",
      "metadata_access_level": "INTERNAL",
      "groups": []
    }
  },
  {
    "model": "daiquiri_metadata.column",
    "pk": 22,
    "fields": {
      "table": 2,
      "order": 2,
      "name": "x",
      "description": "comoving position, x-component",
      "unit": "h-1.Mpc",
      "ucd": "pos.cartesian.x",
      "utype": "",
      "datatype": "double",
      "arraysize": null,
      "principal": false,
      "indexed": false,
      "std": false,
      "index_for": "",
      "access_level": "INTERNAL",
      "metadata_access_level": "INTERNAL",
      "groups": []
    }
  },
  {
    "model": "daiquiri_metadata.column",
    "pk": 23,
    "fields": {
      "table": 2,
      "order": 3,
      "name": "y",
      "description": "comoving position, y-component",
      "unit": "h-1.Mpc",
      "ucd": "pos.cartesian.y",
      "utype": "",
      "datatype": "double",
      "arraysize": null,
      "principal": false,
      "indexed": false,
      "std": false,
      "index_for": "",
      "access_level": "INTERNAL",
      "metadata_access_level": "INTERNAL",
      "groups": []
    }
  },
  {
    "model": "daiquiri_metadata.column",
    "pk": 24,
    "fields": {
      "table": 2,
      "order": 4,
      "name": "z",
      "description": "comoving position, z-component",
      "unit": "h-1.Mpc",
      "ucd": "pos.cartesian.z",
      "utype": "",
      "datatype": "double",
      "arraysize": null,
      "principal": false,
      "indexed": false,
      "std": false,
      "index_for": "",
      "access_level": "INTERNAL",
      "metadata_access_level": "INTERNAL",
      "groups": []
    }
  },
  {
    "model": "daiquiri_metadata.column",
    "pk": 25,
    "fields": {
      "table": 2,
      "order": 5,
      "name": "vx",
      "description": "peculiar velocity, x-component",
      "unit": "km/s",
      "ucd": "phys.veloc;pos.cartesian.x",
      "utype": "",
      "datatype": "double",
      "arraysize": null,
      "principal": false,
      "indexed": false,
      "std": false,
      "index_for": "",
      "access_level": "INTERNAL",
      "metadata_access_level": "INTERNAL",
      "groups": []
    }
  },
  {
    "model": "daiquiri_metadata.column",
    "pk": 26,
    "fields": {
      "table": 2,
      "order": 6,
      "name": "vy",
      "description": "peculiar velocity, y-component",
      "unit": "km/s",
      "ucd": "phys.veloc;pos.cartesian.y",
      "utype": "",
      "datatype": "double",
      "arraysize": null,
      "principal": false,
      "indexed": false,
      "std": false,
      "index_for": "",
      "access_level": "INTERNAL",
      "metadata_access_level": "INTERNAL",
      "groups": []
    }
  },
  {
    "model": "daiquiri_metadata.column",
    "pk": 27,
    "fields": {
      "table": 2,
      "order": 7,
      "name": "vz",
      "description": "peculiar velocity, z-component",
      "unit": "km/s",
      "ucd": "phys.veloc;pos.cartesian.z",
      "utype": "",
      "datatype": "double",
      "arraysize": null,
      "principal": false,
      "indexed": false,
      "std": false,
      "index_for": "",
      "access_level": "INTERNAL",
      "metadata_access_level": "INTERNAL",
      "groups": []
    }
  },
  {
    "model": "daiquiri_metadata.column",
    "pk": 28,
    "fields": {
      "table": 2,
      "order": 8,
      "name": "mass",
      "description": "total mass of the FOF group",
      "unit": "h-1.solMass",
      "ucd": "phys.mass",
      "utype": "",
      "datatype": "double",
      "arraysize": null,
      "principal": false,
      "indexed": false,
      "std": false,
      "index_for": "",
      "access_level": "INTERNAL",
      "metadata_access_level": "INTERNAL",
      "groups": []
    }
  },
  {
    "model": "daiquiri_metadata.column",
    "pk": 31,
    "fields": {
      "table": 3,
      "order": 1,
      "name": "id",
      "description": "",
      "unit": "",
      "ucd": "",
      "utype": "",
      "datatype": "long",
      "arraysize": null,
      "principal": false,
      "indexed": true,
      "std": false,
      "index_for": "",
      "access_level": "",
      "metadata_access_level": "",
      "groups": []
    }
  },
  {
    "model": "daiquiri_metadata.column",
    "pk": 32,
    "fields": {
      "table": 3,
      "order": 2,
      "name": "bool",
      "description": "",
      "unit": "",
      "ucd": "",
      "utype": "",
      "datatype": "",
      "arraysize": null,
      "principal": false,
      "indexed": false,
      "std": false,
      "index_for": "",
      "access_level": "",
      "metadata_access_level": "",
      "groups": []
    }
  },
  {
    "model": "daiquiri_metadata.column",
    "pk": 33,
    "fields": {
      "table": 3,
      "order": 3,
      "name": "bigint",
      "description": "",
      "unit": "",
      "ucd": "",
      "utype": "",
      "datatype": "long",
      "arraysize": null,
      "principal": false,
      "indexed": false,
      "std": false,
      "index_for": "",
      "access_level": "",
      "metadata_access_level": "",
      "groups": []
    }
  },
  {
    "model": "daiquiri_metadata.column",
    "pk": 34,
    "fields": {
      "table": 3,
      "order": 4,
      "name": "double",
      "description": "",
      "unit": "",
      "ucd": "",
      "utype": "",
      "datatype": "double",
      "arraysize": null,
      "principal": false,
      "indexed": false,
      "std": false,
      "index_for": "",
      "access_level": "",
      "metadata_access_level": "",
      "groups": []
    }
  },
  {
    "model": "daiquiri_metadata.column",
    "pk": 35,
    "fields": {
      "table": 3,
      "order": 5,
      "name": "array",
      "description": "",
      "unit": "",
      "ucd": "",
      "utype": "",
      "datatype": "",
      "arraysize": null,
      "principal": false,
      "indexed": false,
      "std": false,
      "index_for": "",
      "access_level": "",
      "metadata_access_level": "",
      "groups": []
    }
  },
  {
    "model": "daiquiri_metadata.column",
    "pk": 36,
    "fields": {
      "table": 3,
      "order": 6,
      "name": "matrix",
      "description": "",
      "unit": "",
      "ucd": "",
      "utype": "",
      "datatype": "",
      "arraysize": null,
      "principal": false,
      "indexed": false,
      "std": false,
      "index_for": "",
      "access_level": "",
      "metadata_access_level": "",
      "groups": []
    }
  },
  {
    "model": "daiquiri_metadata.column",
    "pk": 41,
    "fields": {
      "table": 4,
      "order": 1,
      "name": "id",
      "description": "unique identifier",
      "unit": "",
      "ucd": "meta.id;meta.main",
      "utype": "",
      "datatype": "long",
      "arraysize": null,
      "principal": false,
      "indexed": true,
      "std": false,
      "index_for": "",
      "access_level": "PRIVATE",
      "metadata_access_level": "PRIVATE",
      "groups": [
        100
      ]
    }
  },
  {
    "model": "daiquiri_metadata.column",
    "pk": 42,
    "fields": {
      "table": 4,
      "order": 2,
      "name": "timestamp",
      "description": "",
      "unit": "",
      "ucd": "time",
      "utype": "",
      "datatype": "timestamp",
      "arraysize": null,
      "principal": false,
      "indexed": false,
      "std": false,
      "index_for": "",
      "access_level": "PRIVATE",
      "metadata_access_level": "PRIVATE",
      "groups": [
        100
      ]
    }
  },
  {
    "model": "daiquiri_metadata.column",
    "pk": 43,
    "fields": {
      "table": 4,
      "order": 3,
      "name": "file",
      "description": "",
      "unit": "",
      "ucd": "meta.ref;meta.file",
      "utype": "",
      "datatype": "char",
      "arraysize": 32,
      "principal": false,
      "indexed": false,
      "std": false,
      "index_for": "",
      "access_level": "PRIVATE",
      "metadata_access_level": "PRIVATE",
      "groups": [
        100
      ]
    }
  },
  {
    "model": "daiquiri_metadata.column",
    "pk": 44,
    "fields": {
      "table": 4,
      "order": 4,
      "name": "collection",
      "description": "",
      "unit": "",
      "ucd": "",
      "utype": "",
      "datatype": "char",
      "arraysize": 32,
      "principal": false,
      "indexed": false,
      "std": false,
      "index_for": "",
      "access_level": "PRIVATE",
      "metadata_access_level": "PRIVATE",
      "groups": [
        100
      ]
    }
  },
  {
    "model": "daiquiri_metadata.column",
    "pk": 45,
    "fields": {
      "table": 4,
      "order": 5,
      "name": "path",
      "description": "",
      "unit": "",
      "ucd": "",
      "utype": "",
      "datatype": "char",
      "arraysize": null,
      "principal": false,
      "indexed": false,
      "std": false,
      "index_for": "",
      "access_level": "PRIVATE",
      "metadata_access_level": "PRIVATE",
      "groups": [
        100
      ]
    }
  },
  {
    "model": "daiquiri_metadata.column",
    "pk": 46,
    "fields": {
      "table": 4,
      "order": 6,
      "name": "ra",
      "description": "Right ascension",
      "unit": "deg",
      "ucd": "pos.eq.ra;meta.main",
      "utype": "",
      "datatype": "double",
      "arraysize": null,
      "principal": false,
      "indexed": false,
      "std": false,
      "index_for": "",
      "access_level": "PRIVATE",
      "metadata_access_level": "PRIVATE",
      "groups": [
        100
      ]
    }
  },
  {
    "model": "daiquiri_metadata.column",
    "pk": 47,
    "fields": {
      "table": 4,
      "order": 7,
      "name": "dec",
      "description": "Declination",
      "unit": "deg",
      "ucd": "pos.eq.dec;meta.main",
      "utype": "",
      "datatype": "double",
      "arraysize": null,
      "principal": false,
      "indexed": false,
      "std": false,
      "index_for": "",
      "access_level": "PRIVATE",
      "metadata_access_level": "PRIVATE",
      "groups": [
        100
      ]
    }
  },
  {
    "model": "daiquiri_metadata.column",
    "pk": 48,
    "fields": {
      "table": 5,
      "order": 1,
      "name": "id",
      "description": "Internal ID of the schema",
      "unit": "",
      "ucd": "",
      "utype": "",
      "datatype": "integer",
      "arraysize": null,
      "principal": false,
      "indexed": false,
      "std": false,
      "index_for": "",
      "access_level": "PUBLIC",
      "metadata_access_level": "PUBLIC",
      "groups": []
    }
  },
  {
    "model": "daiquiri_metadata.column",
    "pk": 49,
    "fields": {
      "table": 5,
      "order": 2,
      "name": "schema_name",
      "description": "The name of the schema",
      "unit": "",
      "ucd": "",
      "utype": "",
      "datatype": "char",
      "arraysize": 256,
      "principal": false,
      "indexed": false,
      "std": true,
      "index_for": "",
      "access_level": "PUBLIC",
      "metadata_access_level": "PUBLIC",
      "groups": []
    }
  },
  {
    "model": "daiquiri_metadata.column",
    "pk": 50,
    "fields": {
      "table": 5,
      "order": 3,
      "name": "utype",
      "description": "The IVOA UTYPE of the schema",
      "unit": "",
      "ucd": "",
      "utype": "",
      "datatype": "char",
      "arraysize": 256,
      "principal": false,
      "indexed": false,
      "std": true,
      "index_for": "",
      "access_level": "PUBLIC",
      "metadata_access_level": "PUBLIC",
      "groups": []
    }
  },
  {
    "model": "daiquiri_metadata.column",
    "pk": 51,
    "fields": {
      "table": 5,
      "order": 4,
      "name": "description",
      "description": "The description of the schema",
      "unit": "",
      "ucd": "",
      "utype": "",
      "datatype": "char",
      "arraysize": 256,
      "principal": false,
      "indexed": false,
      "std": true,
      "index_for": "",
      "access_level": "PUBLIC",
      "metadata_access_level": "PUBLIC",
      "groups": []
    }
  },
  {
    "model": "daiquiri_metadata.column",
    "pk": 52,
    "fields": {
      "table": 6,
      "order": 1,
      "name": "id",
      "description": "Internal ID of the table",
      "unit": "",
      "ucd": "",
      "utype": "",
      "datatype": "integer",
      "arraysize": null,
      "principal": false,
      "indexed": false,
      "std": false,
      "index_for": "",
      "access_level": "PUBLIC",
      "metadata_access_level": "PUBLIC",
      "groups": []
    }
  },
  {
    "model": "daiquiri_metadata.column",
    "pk": 53,
    "fields": {
      "table": 6,
      "order": 2,
      "name": "schema_name",
      "description": "The name of the schema of the table",
      "unit": "",
      "ucd": "",
      "utype": "",
      "datatype": "char",
      "arraysize": 256,
      "principal": false,
      "indexed": false,
      "std": true,
      "index_for": "",
      "access_level": "PUBLIC",
      "metadata_access_level": "PUBLIC",
      "groups": []
    }
  },
  {
    "model": "daiquiri_metadata.column",
    "pk": 54,
    "fields": {
      "table": 6,
      "order": 3,
      "name": "table_name",
      "description": "The name of the table",
      "unit": "",
      "ucd": "",
      "utype": "",
      "datatype": "char",
      "arraysize": 256,
      "principal": false,
      "indexed": false,
      "std": true,
      "index_for": "",
      "access_level": "PUBLIC",
      "metadata_access_level": "PUBLIC",
      "groups": []
    }
  },
  {
    "model": "daiquiri_metadata.column",
    "pk": 55,
    "fields": {
      "table": 6,
      "order": 4,
      "name": "table_type",
      "description": "The type of the table (table or view)",
      "unit": "",
      "ucd": "",
      "utype": "",
      "datatype": "char",
      "arraysize": 256,
      "principal": false,
      "indexed": false,
      "std": true,
      "index_for": "",
      "access_level": "PUBLIC",
      "metadata_access_level": "PUBLIC",
      "groups": []
    }
  },
  {
    "model": "daiquiri_metadata.column",
    "pk": 56,
    "fields": {
      "table": 6,
      "order": 5,
      "name": "utype",
      "description": "The IVOA UTYPE of the table",
      "unit": "",
      "ucd": "",
      "utype": "",
      "datatype": "char",
      "arraysize": 256,
      "principal": false,
      "indexed": false,
      "std": true,
      "index_for": "",
      "access_level": "PUBLIC",
      "metadata_access_level": "PUBLIC",
      "groups": []
    }
  },
  {
    "model": "daiquiri_metadata.column",
    "pk": 57,
    "fields": {
      "table": 6,
      "order": 6,
      "name": "description",
      "description": "The description of the table",
      "unit": "",
      "ucd": "",
      "utype": "",
      "datatype": "char",
      "arraysize": 256,
      "principal": false,
      "indexed": false,
      "std": true,
      "index_for": "",
      "access_level": "PUBLIC",
      "metadata_access_level": "PUBLIC",
      "groups": []
    }
  },
  {
    "model": "daiquiri_metadata.column",
    "pk": 58,
    "fields": {
      "table": 6,
      "order": 7,
      "name": "table_index",
      "description": "The ordering index of the table",
      "unit": "",
      "ucd": "",
      "utype": "",
      "datatype": "integer",
      "arraysize": null,
      "principal": false,
      "indexed": false,
      "std": true,
      "index_for": "",
      "access_level": "PUBLIC",
      "metadata_access_level": "PUBLIC",
      "groups": []
    }
  },
  {
    "model": "daiquiri_metadata.column",
    "pk": 59,
    "fields": {
      "table": 6,
      "order": 8,
      "name": "schema_id",
      "description": "The foreign key to the schema of this table",
      "unit": "",
      "ucd": "",
      "utype": "",
      "datatype": "integer",
      "arraysize": null,
      "principal": false,
      "indexed": false,
      "std": false,
      "index_for": "",
      "access_level": "PUBLIC",
      "metadata_access_level": "PUBLIC",
      "groups": []
    }
  },
  {
    "model": "daiquiri_metadata.column",
    "pk": 60,
    "fields": {
      "table": 7,
      "order": 1,
      "name": "id",
      "description": "Internal ID of the column",
      "unit": "",
      "ucd": "",
      "utype": "",
      "datatype": "integer",
      "arraysize": null,
      "principal": false,
      "indexed": false,
      "std": true,
      "index_for": "",
      "access_level": "PUBLIC",
      "metadata_access_level": "PUBLIC",
      "groups": []
    }
  },
  {
    "model": "daiquiri_metadata.column",
    "pk": 61,
    "fields": {
      "table": 7,
      "order": 2,
      "name": "table_name",
      "description": "The name of the table of the column",
      "unit": "",
      "ucd": "",
      "utype": "",
      "datatype": "char",
      "arraysize": 256,
      "principal": false,
      "indexed": false,
      "std": true,
      "index_for": "",
      "access_level": "PUBLIC",
      "metadata_access_level": "PUBLIC",
      "groups": []
    }
  },
  {
    "model": "daiquiri_metadata.column",
    "pk": 62,
    "fields": {
      "table": 7,
      "order": 3,
      "name": "column_name",
      "description": "The name of the column",
      "unit": "",
      "ucd": "",
      "utype": "",
      "datatype": "char",
      "arraysize": 256,
      "principal": false,
      "indexed": false,
      "std": true,
      "index_for": "",
      "access_level": "PUBLIC",
      "metadata_access_level": "PUBLIC",
      "groups": []
    }
  },
  {
    "model": "daiquiri_metadata.column",
    "pk": 63,
    "fields": {
      "table": 7,
      "order": 4,
      "name": "datatype",
      "description": "The datatype of the column",
      "unit": "",
      "ucd": "",
      "utype": "",
      "datatype": "char",
      "arraysize": 256,
      "principal": false,
      "indexed": false,
      "std": true,
      "index_for": "",
      "access_level": "PUBLIC",
      "metadata_access_level": "PUBLIC",
      "groups": []
    }
  },
  {
    "model": "daiquiri_metadata.column",
    "pk": 64,
    "fields": {
      "table": 7,
      "order": 5,
      "name": "arraysize",
      "description": "The size of the column for variable length datatypes",
      "unit": "",
      "ucd": "",
      "utype": "",
      "datatype": "integer",
      "arraysize": null,
      "principal": false,
      "indexed": false,
      "std": true,
      "index_for": "",
      "access_level": "PUBLIC",
      "metadata_access_level": "PUBLIC",
      "groups": []
    }
  },
  {
    "model": "daiquiri_metadata.column",
    "pk": 65,
    "fields": {
      "table": 7,
      "order": 6,
      "name": "size",
      "description": "The size of the column for variable length datatypes (legacy)",
      "unit": "",
      "ucd": "",
      "utype": "",
      "datatype": "integer",
      "arraysize": null,
      "principal": false,
      "indexed": false,
      "std": true,
      "index_for": "",
      "access_level": "PUBLIC",
      "metadata_access_level": "PUBLIC",
      "groups": []
    }
  },
  {
    "model": "daiquiri_metadata.column",
    "pk": 66,
    "fields": {
      "table": 7,
      "order": 7,
      "name": "description",
      "description": "The description of the column",
      "unit": "",
      "ucd": "",
      "utype": "",
      "datatype": "char",
      "arraysize": 256,
      "principal": false,
      "indexed": false,
      "std": true,
      "index_for": "",
      "access_level": "PUBLIC",
      "metadata_access_level": "PUBLIC",
      "groups": []
    }
  },
  {
    "model": "daiquiri_metadata.column",
    "pk": 67,
    "fields": {
      "table": 7,
      "order": 8,
      "name": "utype",
      "description": "The IVOA UTYPE of the column",
      "unit": "",
      "ucd": "",
      "utype": "",
      "datatype": "char",
      "arraysize": 256,
      "principal": false,
      "indexed": false,
      "std": true,
      "index_for": "",
      "access_level": "PUBLIC",
      "metadata_access_level": "PUBLIC",
      "groups": []
    }
  },
  {
    "model": "daiquiri_metadata.column",
    "pk": 68,
    "fields": {
      "table": 7,
      "order": 9,
      "name": "unit",
      "description": "The Unit of the column",
      "unit": "",
      "ucd": "",
      "utype": "",
      "datatype": "char",
      "arraysize": 256,
      "principal": false,
      "indexed": false,
      "std": true,
      "index_for": "",
      "access_level": "PUBLIC",
      "metadata_access_level": "PUBLIC",
      "groups": []
    }
  },
  {
    "model": "daiquiri_metadata.column",
    "pk": 69,
    "fields": {
      "table": 7,
      "order": 10,
      "name": "ucd",
      "description": "The IVOA UCD of the column",
      "unit": "",
      "ucd": "",
      "utype": "",
      "datatype": "char",
      "arraysize": 256,
      "principal": false,
      "indexed": false,
      "std": true,
      "index_for": "",
      "access_level": "PUBLIC",
      "metadata_access_level": "PUBLIC",
      "groups": []
    }
  },
  {
    "model": "daiquiri_metadata.column",
    "pk": 70,
    "fields": {
      "table": 7,
      "order": 11,
      "name": "principal",
      "description": "Designates if the column is considered a core part of the service",
      "unit": "",
      "ucd": "",
      "utype": "",
      "datatype": "unsignedByte",
      "arraysize": null,
      "principal": false,
      "indexed": false,
      "std": true,
      "index_for": "",
      "access_level": "PUBLIC",
      "metadata_access_level": "PUBLIC",
      "groups": []
    }
  },
  {
    "model": "daiquiri_metadata.column",
    "pk": 71,
    "fields": {
      "table": 7,
      "order": 12,
      "name": "indexed",
      "description": "Designates if the column is indexed",
      "unit": "",
      "ucd": "",
      "utype": "",
      "datatype": "unsignedByte",
      "arraysize": null,
      "principal": false,
      "indexed": false,
      "std": true,
      "index_for": "",
      "access_level": "PUBLIC",
      "metadata_access_level": "PUBLIC",
      "groups": []
    }
  },
  {
    "model": "daiquiri_metadata.column",
    "pk": 72,
    "fields": {
      "table": 7,
      "order": 13,
      "name": "std",
      "description": "Designates if the column is defined by some standard",
      "unit": "",
      "ucd": "",
      "utype": "",
      "datatype": "unsignedByte",
      "arraysize": null,
      "principal": false,
      "indexed": false,
      "std": true,
      "index_for": "",
      "access_level": "PUBLIC",
      "metadata_access_level": "PUBLIC",
      "groups": []
    }
  },
  {
    "model": "daiquiri_metadata.column",
    "pk": 73,
    "fields": {
      "table": 7,
      "order": 14,
      "name": "column_index",
      "description": "The ordering index of the column",
      "unit": "",
      "ucd": "",
      "utype": "",
      "datatype": "integer",
      "arraysize": null,
      "principal": false,
      "indexed": false,
      "std": true,
      "index_for": "",
      "access_level": "PUBLIC",
      "metadata_access_level": "PUBLIC",
      "groups": []
    }
  },
  {
    "model": "daiquiri_metadata.column",
    "pk": 74,
    "fields": {
      "table": 7,
      "order": 15,
      "name": "table_id",
      "description": "The foreign key to the table of this column",
      "unit": "",
      "ucd": "",
      "utype": "",
      "datatype": "integer",
      "arraysize": null,
      "principal": false,
      "indexed": false,
      "std": false,
      "index_for": "",
      "access_level": "PUBLIC",
      "metadata_access_level": "PUBLIC",
      "groups": []
    }
  },
  {
    "model": "daiquiri_metadata.function",
    "pk": 1,
    "fields": {
      "order": 0,
      "name": "sleep",
      "description": "Wait for n seconds.",
      "query_string": "sleep()",
      "access_level": "PRIVATE",
      "metadata_access_level": "PRIVATE",
      "groups": [
        100
      ]
    }
  }
]